{
  "project_info": {
    "project_number": "490531747267",
    "firebase_url": "https://to426hw3-9d552.firebaseio.com",
    "project_id": "to426hw3-9d552",
    "storage_bucket": "to426hw3-9d552.appspot.com"
  },
  "client": [
    {
      "client_info": {
        "mobilesdk_app_id": "1:490531747267:android:324d96dd079a8f6d3df976",
        "android_client_info": {
          "package_name": "com.example.hw3"
        }
      },
      "oauth_client": [
        {
          "client_id": "490531747267-8vdu2dt3dpcdail9qalc12f3netes75e.apps.googleusercontent.com",
          "client_type": 1,
          "android_info": {
            "package_name": "com.example.hw3",
            "certificate_hash": "f4d6661b99d4db5135ab4d05a4299ac90d28e466"
          }
        },
        {
          "client_id": "490531747267-pqj81gdu6h5cq3ev2mrihm4gm965k8rv.apps.googleusercontent.com",
          "client_type": 3
        }
      ],
      "api_key": [
        {
          "current_key": "AIzaSyAUeHmyK-JYxXDru0Q_Jx3VRnvi-4kDaiw"
        }
      ],
      "services": {
        "appinvite_service": {
          "other_platform_oauth_client": [
            {
              "client_id": "490531747267-pqj81gdu6h5cq3ev2mrihm4gm965k8rv.apps.googleusercontent.com",
              "client_type": 3
            }
          ]
        }
      }
    }
  ],
  "configuration_version": "1"
}